l1i_size,l1d_size,l2_size,l3_size,branch_predictor_type,rob_window_size,rob_dispatch_width,rob_commit_width,speedup,asi
32,32,512,4096,0,64,8,8,1.140972055622112,0.10347178915181163
32,32,512,4096,0,64,8,8,1.14097937141248,0.10347169818744145
32,32,512,4096,0,64,10,10,1.1414071898760119,0.027113093356406066
32,16,128,1024,1,128,2,2,0.9942299261310731,1.4712272216839695
32,16,128,1024,1,16,2,2,0.9755156963534733,1.5351609162093105
32,16,128,1024,1,64,2,2,0.9941261387555135,1.4860869986918543
32,16,128,1024,1,256,2,2,0.9944259864906102,1.450206920184457
32,16,128,2048,1,128,2,2,1.0250323316341647,1.260690723465633
32,16,128,2048,1,16,2,2,1.0057308662856603,1.3138904689297566
32,16,128,2048,1,32,2,2,1.0190839536896141,1.291202612757373
32,16,128,2048,1,64,2,2,1.0249055537984986,1.2731226041069084
32,16,128,4096,1,16,2,2,1.0886857675121862,0.8513127308806123
32,16,128,4096,1,64,2,2,1.1094584255819087,0.8259291075956535
32,16,256,1024,1,256,2,2,1.0005892702418162,1.381715894454126
32,16,256,2048,1,128,2,2,1.0314772701039463,1.1973566905564939
32,16,256,2048,1,64,2,2,1.0313699587453502,1.2090708851921586
32,16,256,4096,0,32,2,2,1.1104554206213544,0.7845413926724863
32,16,256,4096,1,128,2,2,1.1169613470459059,0.76664996706532
32,16,256,4096,1,32,2,2,1.1104613231272658,0.7845379678903212
32,16,256,4096,1,64,2,2,1.1168334029383638,0.7740608049208385
32,16,256,4096,1,256,2,2,1.1171642899087921,0.7557892398290098
32,16,512,2048,1,128,2,2,1.0452176512761266,0.9575439985519794
32,16,512,2048,1,256,2,2,1.045413950498761,0.9442637499996146
32,16,512,4096,1,128,4,4,1.1390205951607695,0.385804736801201
32,16,512,4096,1,64,8,8,1.1407826135863297,0.11584104503002175
32,16,512,4096,1,256,2,2,1.1327349828391102,0.561213138331296
32,64,256,1024,1,128,2,2,1.0008795055238455,1.3469497876617456
32,64,256,1024,1,64,2,2,1.000751029372749,1.3603937364395502
32,64,256,1024,1,256,2,2,1.001045953322743,1.3278563676187602
32,64,256,2048,1,64,2,2,1.031859595816033,1.1577647923026093
32,64,256,2048,1,256,2,2,1.0321661862375153,1.1304883693808747
32,64,256,4096,1,128,2,2,1.1175248668747189,0.7232445003237798
32,64,512,2048,1,256,2,2,1.045948962086592,0.8984975368244612
32,64,512,4096,0,256,4,4,1.1397726044179117,0.13149600596697372
32,64,512,4096,1,128,10,10,1.1419519437439287,-0.009981531476758522
32,64,512,4096,1,64,8,8,1.1414066363681863,0.09970274973200499
32,64,512,4096,1,256,2,2,1.1333630612909675,0.5216934594414397
16,32,512,4096,1,128,2,2,1.1327449719605511,0.546110740295963
16,32,512,4096,1,64,8,8,1.1409649027975046,0.10615291974079008
16,16,128,1024,0,16,2,2,0.9751653178821639,1.5454306089559624
16,16,128,1024,0,16,2,2,0.9741831691052982,1.545869780513449
16,16,128,1024,0,16,2,2,0.9754704802705932,1.5452896434876002
16,16,128,1024,0,32,2,2,0.9882166384643243,1.5178205283594703
16,16,128,1024,0,32,2,2,0.9877497879702672,1.518028796938436
16,16,128,1024,0,32,2,2,0.9884729118754936,1.517717388450113
16,16,128,1024,0,64,2,2,0.9939472419339657,1.4959049540822076
16,16,128,1024,0,64,2,2,0.9939559471807059,1.495901168456973
16,16,128,1024,0,256,2,2,0.994269088752147,1.4597639572437382
16,16,128,1024,1,128,2,2,0.9942273190853675,1.4808110423642038
16,16,128,1024,1,16,2,2,0.9754921918716357,1.5452292375874284
16,16,128,1024,1,32,2,2,0.988436313370661,1.5177290639626535
16,16,128,1024,1,64,2,2,0.994109342010386,1.49578382357743
16,16,128,1024,1,256,2,2,0.9944066121473284,1.4596445595076826
16,16,128,2048,0,16,2,2,1.0053611953539847,1.3233456029182522
16,16,128,2048,0,16,2,2,1.0043646573040053,1.3236944580137744
16,16,128,2048,0,16,2,2,1.0056825205039446,1.3232288104716659
16,16,128,2048,0,32,2,2,1.0188336151472306,1.300391368513623
16,16,128,2048,0,32,2,2,1.0183677664292883,1.300552153377976
16,16,128,2048,0,32,2,2,1.019050139387649,1.300314969840297
16,16,128,2048,0,64,2,2,1.0247365197215357,1.2821839307465008
16,16,128,2048,0,64,2,2,1.0247550943180446,1.2821777319721506
16,16,128,2048,0,256,2,2,1.0250579356770018,1.2518166842011944
16,16,128,2048,0,256,2,2,1.0250595120162784,1.2518122342520248
16,16,128,2048,1,128,2,2,1.0250140080248207,1.2695629882619395
16,16,128,2048,1,16,2,2,1.0057209498130417,1.3231712443160715
16,16,128,2048,1,64,2,2,1.024897745255923,1.282084757548757
16,16,128,2048,1,256,2,2,1.0252086265619897,1.2517187926271343
16,16,128,4096,0,16,2,2,1.0883030309066468,0.8592092427670937
16,16,128,4096,0,16,2,2,1.087213485852042,0.8594160243208582
16,16,128,4096,0,16,2,2,1.0886494992312696,0.8591416255371692
16,16,128,4096,0,32,2,2,1.102877161305088,0.8448736083154004
16,16,128,4096,0,32,2,2,1.102368773157445,0.8449691613764588
16,16,128,4096,0,32,2,2,1.1031378271509322,0.8448277130584823
16,16,128,4096,0,64,2,2,1.109246812505177,0.8335567177745096
16,16,128,4096,0,64,2,2,1.1092732263530272,0.833554890586625
16,16,128,4096,0,64,2,2,1.1092403670563975,0.8335585449704047
16,16,128,4096,0,256,2,2,1.1095904217577994,0.8139427127854246
16,16,128,4096,0,256,2,2,1.109631728618707,0.8139383319209621
16,16,128,4096,0,256,2,2,1.109586122136549,0.8139444651444139
16,16,128,4096,1,128,2,2,1.1095665075933754,0.8255198117868021
16,16,128,4096,1,16,2,2,1.0886796398284904,0.8591068551056914
16,16,128,4096,1,64,2,2,1.1094482987859215,0.833494597880017
16,16,128,4096,1,256,2,2,1.1097831161269316,0.8138840131192578
16,16,256,1024,0,32,2,2,0.9945630329368607,1.4456970790743775
16,16,256,1024,0,64,2,2,1.0001085145214152,1.4251543525916408
16,16,256,1024,0,64,2,2,1.000145318085257,1.425147257250024
16,16,256,1024,0,64,2,2,1.0001381077419098,1.425150804912001
16,16,256,1024,0,256,2,2,1.0004176784264665,1.3910208432963933
16,16,256,1024,0,256,2,2,1.0004428629050974,1.3910157540654136
16,16,256,1024,0,256,2,2,1.0004021620617738,1.3910259325646135
16,16,256,1024,1,128,2,2,1.000387525499997,1.4109215554544312
16,16,256,1024,1,32,2,2,0.9945814618938386,1.4456934332497235
16,16,256,1024,1,64,2,2,1.0002966024112967,1.4250337413918492
16,16,256,1024,1,256,2,2,1.0005499292353233,1.3909190657517518
16,16,256,2048,0,32,2,2,1.0252494681160695,1.235014040381629
16,16,256,2048,0,32,2,2,1.0254861254369023,1.234936679056913
16,16,256,2048,0,64,2,2,1.0312212299939552,1.2178918215456598
16,16,256,2048,0,64,2,2,1.0312197650954253,1.2178947195596335
16,16,256,2048,0,64,2,2,1.031191016771726,1.2178976175873995
16,16,256,2048,0,256,2,2,1.0315089260385732,1.1892342263705102
16,16,256,2048,0,256,2,2,1.0315301968082697,1.1892300636337505
16,16,256,2048,0,256,2,2,1.0315159732152224,1.1892314512094322
16,16,256,2048,1,128,2,2,1.0314623630913373,1.2060033984481735
16,16,256,2048,1,32,2,2,1.025479051435695,1.234941141946818
16,16,256,2048,1,64,2,2,1.031337580507388,1.217812131565688
16,16,256,2048,1,256,2,2,1.031671090080462,1.1891426528931202
16,16,256,4096,0,32,2,2,1.1102180014983198,0.792074766038178
16,16,256,4096,0,32,2,2,1.1104488555242709,0.7920332236099521
16,16,256,4096,0,64,2,2,1.1166790460924145,0.7815062899271199
16,16,256,4096,0,64,2,2,1.1166606840550772,0.7815105116884901
16,16,256,4096,0,256,2,2,1.1169917329887828,0.7630832530270306
16,16,256,4096,0,256,2,2,1.116981352565761,0.7630840629669267
16,16,256,4096,1,128,2,2,1.1169229302897048,0.7739805312141771
16,16,256,4096,1,32,2,2,1.1104431474275938,0.7920340890327607
16,16,256,4096,1,64,2,2,1.1168208965448971,0.7814581650711829
16,16,256,4096,1,256,2,2,1.1171570278443381,0.7630298007951093
16,16,512,2048,0,32,2,2,1.0388844056234103,0.9879987116250084
16,16,512,2048,0,32,2,2,1.0384255844041987,0.9881064440884922
16,16,512,2048,0,32,2,2,1.0391181623201593,0.9879426102704189
16,16,512,2048,0,64,2,2,1.0449197883070662,0.9747286049325391
16,16,512,2048,0,64,2,2,1.04490967168618,0.9747329812458487
16,16,512,2048,0,256,2,2,1.0452373564334714,0.9520923959751617
16,16,512,2048,1,128,2,2,1.045177894102892,0.9654093059163218
16,16,512,2048,1,32,2,2,1.039148993035875,0.9879358785360088
16,16,512,2048,1,64,2,2,1.0450929040296253,0.9746596831810846
16,16,512,2048,1,256,2,2,1.0454099288450793,0.9520200090683724
16,16,512,4096,0,128,4,4,1.1388971332535682,0.3909343416698374
16,16,512,4096,0,128,4,4,1.1389561960234953,0.39093184039240947
16,16,512,4096,0,32,2,2,1.1256917184759472,0.5899247388203377
16,16,512,4096,0,32,2,2,1.1251797976302196,0.5899876658853258
16,16,512,4096,0,32,2,2,1.1258990076285804,0.5898996939177739
16,16,512,4096,0,64,4,4,1.138812186789419,0.4002164073865815
16,16,512,4096,0,64,4,4,1.138821922375187,0.4002160825864832
16,16,512,4096,0,64,2,2,1.1322194528127394,0.5820619443673166
16,16,512,4096,0,64,2,2,1.1322429478083935,0.5820607517665056
16,16,512,4096,0,64,8,8,1.1407330092231478,0.11853284848417842
16,16,512,4096,0,64,8,8,1.1407351930389653,0.1185327440596571
16,16,512,4096,0,256,2,2,1.132561545316138,0.5679027343869824
16,16,512,4096,0,256,2,2,1.1325579460467252,0.5679033064624351
16,16,512,4096,1,128,4,4,1.1389469504092284,0.39093402900840846
16,16,512,4096,1,128,2,2,1.1325337499894976,0.5763431533768981
16,16,512,4096,1,32,2,2,1.1259592661700437,0.5898929749154689
16,16,512,4096,1,64,2,2,1.1324024831468602,0.5820219949003881
16,16,512,4096,1,64,8,8,1.14077198566197,0.11853253521116643
16,16,512,4096,1,256,2,2,1.1327144318037659,0.5678666959568662
16,64,128,1024,1,64,2,2,0.9946106069517011,1.4389522888001067
16,64,256,1024,0,64,2,2,1.0006260471974429,1.3697769087636094
16,64,256,1024,0,64,2,2,1.0006046771817614,1.3697836766952307
16,64,256,1024,0,256,2,2,1.0008907106245561,1.3370163782345832
16,64,256,1024,0,256,2,2,1.0008818174798406,1.3370179966731521
16,64,256,1024,1,128,2,2,1.0008660281855293,1.3561355333476954
16,64,256,1024,1,64,2,2,1.000750506561927,1.369673706092483
16,64,256,1024,1,256,2,2,1.001045191734806,1.3369079517753828
16,64,256,2048,0,64,2,2,1.0317092179408045,1.1664487014047922
16,64,256,2048,0,64,2,2,1.0317022454921965,1.166450079125602
16,64,256,2048,0,64,2,2,1.0316837664138507,1.1664514568496662
16,64,256,2048,0,256,2,2,1.0320076757240977,1.1389763369677603
16,64,256,2048,0,256,2,2,1.0320003342132595,1.1389802953935912
16,64,256,2048,0,256,2,2,1.0320217963145264,1.138975017498598
16,64,256,2048,1,128,2,2,1.0319721804673276,1.1550650985867996
16,64,256,2048,1,64,2,2,1.0318575750165393,1.1663632890701818
16,64,256,2048,1,256,2,2,1.0321458163720711,1.1388918971040725
16,64,256,4096,0,128,2,2,1.1173639569848264,0.7305239217407469
16,64,256,4096,0,128,2,2,1.1173787424784656,0.7305223653416705
16,64,256,4096,0,64,2,2,1.1172335240884024,0.7376261304421039
16,64,256,4096,0,256,2,2,1.1175506634153576,0.7200898153996861
16,64,256,4096,0,256,2,2,1.117566970583121,0.7200867781481597
16,64,256,4096,0,256,2,2,1.1175529090003282,0.7200890560844023
16,64,256,4096,1,128,2,2,1.1175185815581834,0.730475676453008
16,64,256,4096,1,64,2,2,1.1173607530599658,0.7375802177535177
16,64,256,4096,1,256,2,2,1.1177330941873271,0.7200389448160318
16,64,512,2048,0,64,2,2,1.0454474139933014,0.9278513195331866
16,64,512,2048,0,64,2,2,1.045487501233299,0.9278440793893897
16,64,512,2048,0,256,2,2,1.0457971025957145,0.9062102152080312
16,64,512,2048,0,256,2,2,1.0457878394472293,0.9062112070824745
16,64,512,2048,1,128,2,2,1.045763633790154,0.9189452968259545
16,64,512,2048,1,64,2,2,1.0456533103958676,0.9277789231794809
16,64,512,2048,1,256,2,2,1.0459104730939013,0.9061516984587725
16,64,512,4096,0,128,10,10,1.1419453221674098,-0.009725540794827181
16,64,512,4096,0,64,4,4,1.1394535593259216,0.3691057602828172
16,64,512,4096,0,64,4,4,1.1394573975139908,0.36910516418563394
16,64,512,4096,0,64,2,2,1.1328423572684558,0.5416968868646812
16,64,512,4096,0,64,2,2,1.1328606464144417,0.5416963354182209
16,64,512,4096,0,64,8,8,1.1413975138371264,0.10238019962901301
16,64,512,4096,0,64,8,8,1.141383689524473,0.10238033455135788
16,64,512,4096,0,64,10,10,1.1417715913753437,0.026354553353148253
16,64,512,4096,0,64,10,10,1.1417877488586479,0.02635450285474386
16,64,512,4096,0,64,10,10,1.1418271191781078,0.026354460772888028
16,64,512,4096,0,256,4,4,1.1397620583995,0.13359150439606565
16,64,512,4096,0,256,4,4,1.1397197251998572,0.1335917785097652
16,64,512,4096,0,256,2,2,1.1331722412245053,0.5282968721892197
16,64,512,4096,0,256,2,2,1.1331785789603048,0.5282963433132283
16,64,512,4096,0,256,10,10,1.142180823887043,-0.015740468517837124
16,64,512,4096,0,1024,10,10,1.1426602675666269,-0.032709662774629195
16,64,512,4096,1,128,4,4,1.139579166339652,0.3603175799218433
16,64,512,4096,1,128,2,2,1.1331660819683083,0.5363017773434746
16,64,512,4096,1,64,4,4,1.1394181013611833,0.36910695248295994
16,64,512,4096,1,64,2,2,1.1330138480789569,0.541662147930262
16,64,512,4096,1,64,8,8,1.1414064889317683,0.10238015465497709
16,64,512,4096,1,64,10,10,1.1418354254067304,0.026354452356532988
16,64,512,4096,1,256,4,4,1.1397542958283982,0.13359159576717383
16,64,512,4096,1,256,2,2,1.1333405662213478,0.5282630262604011
16,64,512,4096,1,512,10,10,1.142279138422462,-0.02383328922306411
64,16,512,4096,1,128,4,4,1.1390444185002961,0.37305164903760457
64,16,512,4096,1,64,8,8,1.140788570724263,0.10922908556420509
64,64,512,2048,1,256,2,2,1.0459649479554505,0.8791104872610174
64,64,512,4096,0,512,10,10,1.1422792557953592,-0.024118783490722218
64,64,512,4096,1,128,4,4,1.1396572071314648,0.3426403895733386
64,64,512,4096,1,256,4,4,1.139775986820743,0.12634066096022054
